[
  {
    "inputs": [
      {"internalType": "address", "name": "_esrToken", "type": "address"},
      {"internalType": "address", "name": "_rewardPool", "type": "address"},
      {"internalType": "uint256", "name": "_esrPerSecond", "type": "uint256"},
      {"internalType": "uint256", "name": "_startTime", "type": "uint256"}
    ],
    "stateMutability": "nonpayable",
    "type": "constructor"
  },
  {
    "inputs": [
      {"internalType": "address", "name": "_lpToken", "type": "address"},
      {"internalType": "uint256", "name": "_allocPoint", "type": "uint256"},
      {"internalType": "string", "name": "_name", "type": "string"},
      {"internalType": "bool", "name": "_withUpdate", "type": "bool"}
    ],
    "name": "addPool",
    "outputs": [],
    "stateMutability": "nonpayable",
    "type": "function"
  },
  {
    "inputs": [
      {"internalType": "uint256", "name": "_pid", "type": "uint256"},
      {"internalType": "uint256", "name": "_amount", "type": "uint256"}
    ],
    "name": "deposit",
    "outputs": [],
    "stateMutability": "nonpayable",
    "type": "function"
  },
  {
    "inputs": [
      {"internalType": "uint256", "name": "_pid", "type": "uint256"},
      {"internalType": "uint256", "name": "_amount", "type": "uint256"}
    ],
    "name": "withdraw",
    "outputs": [],
    "stateMutability": "nonpayable",
    "type": "function"
  },
  {
    "inputs": [
      {"internalType": "uint256", "name": "_pid", "type": "uint256"}
    ],
    "name": "harvest",
    "outputs": [],
    "stateMutability": "nonpayable",
    "type": "function"
  },
  {
    "inputs": [],
    "name": "harvestAll",
    "outputs": [],
    "stateMutability": "nonpayable",
    "type": "function"
  },
  {
    "inputs": [
      {"internalType": "uint256", "name": "_pid", "type": "uint256"},
      {"internalType": "address", "name": "_user", "type": "address"}
    ],
    "name": "pendingESR",
    "outputs": [{"internalType": "uint256", "name": "", "type": "uint256"}],
    "stateMutability": "view",
    "type": "function"
  },
  {
    "inputs": [
      {"internalType": "uint256", "name": "_pid", "type": "uint256"},
      {"internalType": "address", "name": "_user", "type": "address"}
    ],
    "name": "getUserInfo",
    "outputs": [
      {"internalType": "uint256", "name": "amount", "type": "uint256"},
      {"internalType": "uint256", "name": "rewardDebt", "type": "uint256"},
      {"internalType": "uint256", "name": "stakedAt", "type": "uint256"},
      {"internalType": "uint256", "name": "pendingRewards", "type": "uint256"}
    ],
    "stateMutability": "view",
    "type": "function"
  },
  {
    "inputs": [
      {"internalType": "uint256", "name": "_pid", "type": "uint256"}
    ],
    "name": "getPoolInfo",
    "outputs": [
      {"internalType": "address", "name": "lpToken", "type": "address"},
      {"internalType": "uint256", "name": "allocPoint", "type": "uint256"},
      {"internalType": "uint256", "name": "lastRewardTime", "type": "uint256"},
      {"internalType": "uint256", "name": "accESRPerShare", "type": "uint256"},
      {"internalType": "uint256", "name": "totalStaked", "type": "uint256"},
      {"internalType": "bool", "name": "isActive", "type": "bool"},
      {"internalType": "string", "name": "name", "type": "string"}
    ],
    "stateMutability": "view",
    "type": "function"
  },
  {
    "inputs": [],
    "name": "getAllPools",
    "outputs": [
      {"internalType": "address[]", "name": "lpTokens", "type": "address[]"},
      {"internalType": "uint256[]", "name": "allocPoints", "type": "uint256[]"},
      {"internalType": "uint256[]", "name": "totalStaked", "type": "uint256[]"},
      {"internalType": "bool[]", "name": "isActive", "type": "bool[]"},
      {"internalType": "string[]", "name": "names", "type": "string[]"}
    ],
    "stateMutability": "view",
    "type": "function"
  },
  {
    "inputs": [],
    "name": "getFarmingStats",
    "outputs": [
      {"internalType": "uint256", "name": "totalPools", "type": "uint256"},
      {"internalType": "uint256", "name": "_totalAllocPoint", "type": "uint256"},
      {"internalType": "uint256", "name": "_esrPerSecond", "type": "uint256"},
      {"internalType": "uint256", "name": "totalValueLocked", "type": "uint256"}
    ],
    "stateMutability": "view",
    "type": "function"
  },
  {
    "inputs": [
      {"internalType": "uint256", "name": "_pid", "type": "uint256"},
      {"internalType": "uint256", "name": "_allocPoint", "type": "uint256"},
      {"internalType": "bool", "name": "_withUpdate", "type": "bool"}
    ],
    "name": "setPool",
    "outputs": [],
    "stateMutability": "nonpayable",
    "type": "function"
  },
  {
    "inputs": [
      {"internalType": "uint256", "name": "_esrPerSecond", "type": "uint256"}
    ],
    "name": "setEmissionRate",
    "outputs": [],
    "stateMutability": "nonpayable",
    "type": "function"
  },
  {
    "inputs": [
      {"internalType": "uint256", "name": "_pid", "type": "uint256"},
      {"internalType": "bool", "name": "_isActive", "type": "bool"}
    ],
    "name": "setPoolStatus",
    "outputs": [],
    "stateMutability": "nonpayable",
    "type": "function"
  },
  {
    "anonymous": false,
    "inputs": [
      {"indexed": true, "internalType": "address", "name": "user", "type": "address"},
      {"indexed": true, "internalType": "uint256", "name": "pid", "type": "uint256"},
      {"indexed": false, "internalType": "uint256", "name": "amount", "type": "uint256"}
    ],
    "name": "Deposit",
    "type": "event"
  },
  {
    "anonymous": false,
    "inputs": [
      {"indexed": true, "internalType": "address", "name": "user", "type": "address"},
      {"indexed": true, "internalType": "uint256", "name": "pid", "type": "uint256"},
      {"indexed": false, "internalType": "uint256", "name": "amount", "type": "uint256"}
    ],
    "name": "Harvest",
    "type": "event"
  },
  {
    "anonymous": false,
    "inputs": [
      {"indexed": true, "internalType": "uint256", "name": "pid", "type": "uint256"},
      {"indexed": true, "internalType": "address", "name": "lpToken", "type": "address"},
      {"indexed": false, "internalType": "uint256", "name": "allocPoint", "type": "uint256"}
    ],
    "name": "PoolAdded",
    "type": "event"
  }
]
