[
  {
    "inputs": [],
    "stateMutability": "nonpayable",
    "type": "constructor"
  },
  {
    "inputs": [
      {"internalType": "address", "name": "spender", "type": "address"},
      {"internalType": "uint256", "name": "amount", "type": "uint256"}
    ],
    "name": "approve",
    "outputs": [{"internalType": "bool", "name": "", "type": "bool"}],
    "stateMutability": "nonpayable",
    "type": "function"
  },
  {
    "inputs": [
      {"internalType": "address", "name": "account", "type": "address"}
    ],
    "name": "balanceOf",
    "outputs": [{"internalType": "uint256", "name": "", "type": "uint256"}],
    "stateMutability": "view",
    "type": "function"
  },
  {
    "inputs": [
      {"internalType": "uint256", "name": "amount", "type": "uint256"}
    ],
    "name": "burn",
    "outputs": [],
    "stateMutability": "nonpayable",
    "type": "function"
  },
  {
    "inputs": [
      {"internalType": "address", "name": "from", "type": "address"},
      {"internalType": "uint256", "name": "amount", "type": "uint256"}
    ],
    "name": "burnFrom",
    "outputs": [],
    "stateMutability": "nonpayable",
    "type": "function"
  },
  {
    "inputs": [],
    "name": "decimals",
    "outputs": [{"internalType": "uint8", "name": "", "type": "uint8"}],
    "stateMutability": "pure",
    "type": "function"
  },
  {
    "inputs": [
      {"internalType": "address", "name": "to", "type": "address"},
      {"internalType": "uint256", "name": "amount", "type": "uint256"}
    ],
    "name": "mint",
    "outputs": [],
    "stateMutability": "nonpayable",
    "type": "function"
  },
  {
    "inputs": [],
    "name": "name",
    "outputs": [{"internalType": "string", "name": "", "type": "string"}],
    "stateMutability": "view",
    "type": "function"
  },
  {
    "inputs": [],
    "name": "symbol",
    "outputs": [{"internalType": "string", "name": "", "type": "string"}],
    "stateMutability": "view",
    "type": "function"
  },
  {
    "inputs": [],
    "name": "totalSupply",
    "outputs": [{"internalType": "uint256", "name": "", "type": "uint256"}],
    "stateMutability": "view",
    "type": "function"
  },
  {
    "inputs": [
      {"internalType": "address", "name": "to", "type": "address"},
      {"internalType": "uint256", "name": "amount", "type": "uint256"}
    ],
    "name": "transfer",
    "outputs": [{"internalType": "bool", "name": "", "type": "bool"}],
    "stateMutability": "nonpayable",
    "type": "function"
  },
  {
    "inputs": [
      {"internalType": "address", "name": "from", "type": "address"},
      {"internalType": "address", "name": "to", "type": "address"},
      {"internalType": "uint256", "name": "amount", "type": "uint256"}
    ],
    "name": "transferFrom",
    "outputs": [{"internalType": "bool", "name": "", "type": "bool"}],
    "stateMutability": "nonpayable",
    "type": "function"
  },
  {
    "inputs": [],
    "name": "MAX_SUPPLY",
    "outputs": [{"internalType": "uint256", "name": "", "type": "uint256"}],
    "stateMutability": "view",
    "type": "function"
  }
]
