[
  {
    "inputs": [
      {"internalType": "address", "name": "tokenA", "type": "address"},
      {"internalType": "address", "name": "tokenB", "type": "address"}
    ],
    "name": "createPair",
    "outputs": [{"internalType": "address", "name": "pair", "type": "address"}],
    "stateMutability": "nonpayable",
    "type": "function"
  },
  {
    "inputs": [
      {"internalType": "address", "name": "", "type": "address"},
      {"internalType": "address", "name": "", "type": "address"}
    ],
    "name": "getPair",
    "outputs": [{"internalType": "address", "name": "", "type": "address"}],
    "stateMutability": "view",
    "type": "function"
  },
  {
    "inputs": [{"internalType": "uint256", "name": "", "type": "uint256"}],
    "name": "allPairs",
    "outputs": [{"internalType": "address", "name": "", "type": "address"}],
    "stateMutability": "view",
    "type": "function"
  },
  {
    "inputs": [],
    "name": "allPairsLength",
    "outputs": [{"internalType": "uint256", "name": "", "type": "uint256"}],
    "stateMutability": "view",
    "type": "function"
  },
  {
    "anonymous": false,
    "inputs": [
      {"indexed": true, "internalType": "address", "name": "token0", "type": "address"},
      {"indexed": true, "internalType": "address", "name": "token1", "type": "address"},
      {"indexed": false, "internalType": "address", "name": "pair", "type": "address"},
      {"indexed": false, "internalType": "uint256", "name": "", "type": "uint256"}
    ],
    "name": "PairCreated",
    "type": "event"
  }
]
