[
  {
    "inputs": [
      {"internalType": "address", "name": "_factory", "type": "address"},
      {"internalType": "address", "name": "_WETH", "type": "address"},
      {"internalType": "address", "name": "_usdtToken", "type": "address"}
    ],
    "stateMutability": "nonpayable",
    "type": "constructor"
  },
  {
    "inputs": [
      {"internalType": "address", "name": "tokenA", "type": "address"},
      {"internalType": "address", "name": "tokenB", "type": "address"},
      {"internalType": "uint256", "name": "amountADesired", "type": "uint256"},
      {"internalType": "uint256", "name": "amountBDesired", "type": "uint256"},
      {"internalType": "uint256", "name": "amountAMin", "type": "uint256"},
      {"internalType": "uint256", "name": "amountBMin", "type": "uint256"},
      {"internalType": "address", "name": "to", "type": "address"},
      {"internalType": "uint256", "name": "deadline", "type": "uint256"}
    ],
    "name": "addLiquidity",
    "outputs": [
      {"internalType": "uint256", "name": "amountA", "type": "uint256"},
      {"internalType": "uint256", "name": "amountB", "type": "uint256"},
      {"internalType": "uint256", "name": "liquidity", "type": "uint256"}
    ],
    "stateMutability": "nonpayable",
    "type": "function"
  },
  {
    "inputs": [
      {"internalType": "uint256", "name": "amountIn", "type": "uint256"},
      {"internalType": "uint256", "name": "amountOutMin", "type": "uint256"},
      {"internalType": "address[]", "name": "path", "type": "address[]"},
      {"internalType": "address", "name": "to", "type": "address"},
      {"internalType": "uint256", "name": "deadline", "type": "uint256"}
    ],
    "name": "swapExactTokensForTokens",
    "outputs": [{"internalType": "uint256[]", "name": "amounts", "type": "uint256[]"}],
    "stateMutability": "nonpayable",
    "type": "function"
  },
  {
    "inputs": [
      {"internalType": "uint256", "name": "amountIn", "type": "uint256"},
      {"internalType": "address[]", "name": "path", "type": "address[]"}
    ],
    "name": "getAmountsOut",
    "outputs": [{"internalType": "uint256[]", "name": "amounts", "type": "uint256[]"}],
    "stateMutability": "view",
    "type": "function"
  },
  {
    "inputs": [
      {"internalType": "address", "name": "_stakingContract", "type": "address"}
    ],
    "name": "setStakingContract",
    "outputs": [],
    "stateMutability": "nonpayable",
    "type": "function"
  },
  {
    "inputs": [],
    "name": "factory",
    "outputs": [{"internalType": "address", "name": "", "type": "address"}],
    "stateMutability": "view",
    "type": "function"
  },
  {
    "inputs": [],
    "name": "WETH",
    "outputs": [{"internalType": "address", "name": "", "type": "address"}],
    "stateMutability": "view",
    "type": "function"
  },
  {
    "inputs": [],
    "name": "usdtToken",
    "outputs": [{"internalType": "address", "name": "", "type": "address"}],
    "stateMutability": "view",
    "type": "function"
  },
  {
    "inputs": [],
    "name": "FEE_AMOUNT",
    "outputs": [{"internalType": "uint256", "name": "", "type": "uint256"}],
    "stateMutability": "view",
    "type": "function"
  },
  {
    "anonymous": false,
    "inputs": [
      {"indexed": true, "internalType": "address", "name": "user", "type": "address"},
      {"indexed": false, "internalType": "uint256", "name": "amount", "type": "uint256"},
      {"indexed": false, "internalType": "string", "name": "operation", "type": "string"}
    ],
    "name": "FeeCollected",
    "type": "event"
  }
]
